{
    "pagamentos": {
        "SemiAutomatico": {
            "status": true,
            "pix": "dz7lindo@gmail.com",
            "msg": "envie o comprovante no chat fazendo favor"
        },
        "MpOnOff": false,
        "MpAPI": "",
        "moeda": "BRL",
        "BancosBloqueados": []
    },
    "ConfigChannels": {
        "logpedidos": "",
        "eventbuy": "",
        "boasvindascoole": "",
        "systemlogs": "",
        "entradas": "",
        "saídas": "",
        "mensagens": "",
        "tráfego": "",
        "feedback": ""
    },
    "ConfigRoles": {
        "cargoadm": "",
        "cargomembro": "",
        "cargosup": "",
        "cargoCliente": ""
    },
    "posicoes": {
        "pos1": {}
    }
}