{
    "sugestao": {
        "ativo": true,
        "logs": "1301713275859374120",
        "cargo": "1265292040510505033"
    },
    "feedbacks": {
        "ativo": true,
        "logs": "1299568473717866506",
        "cargo": "1299568579850797137",
        "total_feedbacks": 0
    },
    "painel": {
        "author": "",
        "titulo": "Panel de Sugestao / feedbacks",
        "desc": "Deixe sua sugestao ou seu feedbacks selecionando abaixo",
        "cor": "null",
        "banner": "null",
        "thumbnail": "null",
        "footer": "By Dz7",
        "mensagem": "null",
        "bannermensagem": "null",
        "fields": [],
        "canalid": "",
        "mensagemid": ""
    },
    "moderações": {
        "cargoautomatico": "",
        "cargotemporario": "",
        "antilink": false,
        "tempoTemporario": 4000
    },
    "logsdenuncias": "",
    "logstaxados": "",
    "boasvindas": {
        "canal": "1297467951485550642",
        "tempo": 30000
    }
}